Row_ID,Treaty,provision,actorholder,action,actoraffected,treatytext
NAGOYA_M003,Nagoya,Article 5(1),Contracting Party,"Duty: Ensure benefits from utilization of genetic resources are shared fairly and equitably with the providing Party (country of origin or Party that acquired in accordance with the CBD), on mutually agreed terms.",Resource-Providing Party,"In accordance with Article 15, paragraphs 3 and 7 of the Convention, benefits arising from the utilization of genetic resources as well as subsequent applications and commercialization shall be shared in a fair and equitable way with the Party providing such resources that is the country of origin of such resources or a Party that has acquired the genetic resources in accordance with the Convention. Such sharing shall be upon mutually agreed terms."
NAGOYA_M006,Nagoya,Article 5(5),Contracting Party,"Duty: Ensure benefits from utilization of TK associated with genetic resources are shared fairly and equitably with IPLCs holding such knowledge, on mutually agreed terms.",IPLCs,"Each Party shall take legislative, administrative or policy measures, as appropriate, in order that the benefits arising from the utilization of traditional knowledge associated with genetic resources are shared in a fair and equitable way with indigenous and local communities holding such knowledge. Such sharing shall be upon mutually agreed terms."
NAGOYA_M011,Nagoya,Article 6(3)(c),Contracting Party,Duty: Provide information on how to apply for PIC.,Resource Users,"Pursuant to paragraph 1 above, each Party requiring prior informed consent shall take the necessary legislative, administrative or policy measures, as appropriate, to: ... (c) Provide information on how to apply for prior informed consent;"
NAGOYA_M013,Nagoya,Article 6(3)(e),Contracting Party,Duty: Issue a permit (or equivalent) at the time of access as evidence of PIC and MAT; notify the ABS Clearing-House accordingly.,Clearing-House,"Pursuant to paragraph 1 above, each Party requiring prior informed consent shall take the necessary legislative, administrative or policy measures, as appropriate, to: ... (e) Provide for the issuance at the time of access of a permit or its equivalent as evidence of the decision to grant prior informed consent and of the establishment of mutually agreed terms, and notify the Access and Benefit-sharing Clearing-House accordingly;"
NAGOYA_M015,Nagoya,Article 6(3)(g),Contracting Party,"Duty: Establish clear rules and procedures for requiring/establishing MAT in writing (e.g., dispute settlement, benefit-sharing incl. IP, third-party use, change of intent).",Resource Users,"Pursuant to paragraph 1 above, each Party requiring prior informed consent shall take the necessary legislative, administrative or policy measures, as appropriate, to: ... (g) Establish clear rules and procedures for requiring and establishing mutually agreed terms. Such terms shall be set out in writing and may include, inter alia: (i) A dispute settlement clause; (ii) Terms on benefit-sharing, including in relation to intellectual property rights; (iii) Terms on subsequent third-party use, if any; and (iv) Terms on changes of intent, where applicable."
NAGOYA_M016,Nagoya,Article 7,Contracting Party,"Duty: Ensure access to TK associated with genetic resources held by IPLCs occurs with PIC/approval and involvement of IPLCs, and that MAT are established.",IPLCs,"In accordance with domestic law, each Party shall take measures, as appropriate, with the aim of ensuring that traditional knowledge associated with genetic resources that is held by indigenous and local communities is accessed with the prior and informed consent or approval and involvement of these indigenous and local communities, and that mutually agreed terms have been established."
NAGOYA_M019,Nagoya,Article 8(a),Contracting Party,"Duty: Create conditions to promote/encourage research contributing to conservation/sustainable use, including simplified access for non-commercial research; address changes of intent.",Researchers,"In the development and implementation of its access and benefit-sharing legislation or regulatory requirements, each Party shall: (a) Create conditions to promote and encourage research which contributes to the conservation and sustainable use of biological diversity, particularly in developing countries, including through simplified measures on access for non-commercial research purposes, taking into account the need to address a change of intent for such research;"
NAGOYA_M045,Nagoya,Article 15(1),Contracting Party,"Duty: Shall take appropriate, effective and proportionate measures to ensure GR utilized within its jurisdiction have been accessed with PIC and that MAT have been established, as required by provider Party domestic law.",Resource-Providing Party,"Each Party shall take appropriate, effective and proportionate legislative, administrative or policy measures to provide that genetic resources utilized within its jurisdiction have been accessed in accordance with prior informed consent and that mutually agreed terms have been established, as required by the domestic access and benefit-sharing legislation or regulatory requirements of the other Party."
NAGOYA_M046,Nagoya,Article 15(2),Contracting Party,"Duty: Shall take appropriate, effective and proportionate measures to address situations of non-compliance with measures adopted under Article 15(1).",Resource-Providing Party,"Parties shall take appropriate, effective and proportionate measures to address situations of non-compliance with measures adopted in accordance with paragraph 1 above."
NAGOYA_M047,Nagoya,Article 15(3),Contracting Party,"Duty: Shall, as far as possible and as appropriate, cooperate in cases of alleged violation of provider Party domestic ABS legislation or regulatory requirements.",Other Contracting Parties,"Parties shall, as far as possible and as appropriate, cooperate in cases of alleged violation of domestic access and benefit-sharing legislation or regulatory requirements referred to in paragraph 1 above."
NAGOYA_M048,Nagoya,Article 16(1),Contracting Party,"Duty: Shall take appropriate, effective and proportionate measures to ensure TK utilization within its jurisdiction is subject to IPLC PIC/approval and involvement and MAT, as required by provider Party domestic law.",IPLCs,"Each Party shall take appropriate, effective and proportionate legislative, administrative or policy measures, as appropriate, to provide that traditional knowledge associated with genetic resources utilized within their jurisdiction has been accessed in accordance with prior informed consent or approval and involvement of indigenous and local communities and that mutually agreed terms have been established, as required by domestic access and benefit-sharing legislation or regulatory requirements of the other Party where such indigenous and local communities are located."
NAGOYA_M049,Nagoya,Article 16(2),Contracting Party,"Duty: Shall take appropriate, effective and proportionate measures to address situations of non-compliance with measures adopted under Article 16(1).",IPLCs,"Each Party shall take appropriate, effective and proportionate measures to address situations of non-compliance with measures adopted in accordance with paragraph 1 above."
NAGOYA_M051,Nagoya,Article 17(1)(a),Contracting Party,"Duty: Shall designate one or more effective checkpoints to collect/receive relevant PIC, source and MAT information and (without prejudice to confidentiality) provide it to relevant national authorities, the providing Party and the ABS Clearing-House.",Clearing-House; Resource-Providing Party,"To support compliance, each Party shall take measures, as appropriate, to monitor and to enhance transparency about the utilization of genetic resources. Such measures shall include: (a) The designation of one or more checkpoints, as follows: (i) Designated checkpoints would collect or receive, as appropriate, relevant information related to prior informed consent, to the source of the genetic resource, to the establishment of mutually agreed terms, and/or to the utilization of genetic resources, as appropriate; (ii) Each Party shall, as appropriate and depending on the particular characteristics of a designated checkpoint, require users of genetic resources to provide the information specified in the above paragraph at a designated checkpoint. Each Party shall take appropriate, effective and proportionate measures to address situations of non-compliance; (iii) Such information, including from internationally recognized certificates of compliance where they are available, will, without prejudice to the protection of confidential information, be provided to relevant national authorities, to the Party providing prior informed consent and to the Access and Benefit-sharing Clearing-House, as appropriate; (iv) Checkpoints must be effective and should have functions relevant to implementation of this subparagraph (a). They should be relevant to the utilization of genetic resources, or to the collection of relevant information at, inter alia, any stage of research, development, innovation, pre-commercialization or commercialization."
NAGOYA_M052,Nagoya,Article 17(1)(b),Contracting Party,"Duty: Shall encourage inclusion in MAT of provisions to share information on implementation, including through reporting requirements.",Resource Users; Resource-Providing Party,"To support compliance, each Party shall take measures, as appropriate, to monitor and to enhance transparency about the utilization of genetic resources. Such measures shall include: ... (b) Encouraging users and providers of genetic resources to include provisions in mutually agreed terms to share information on the implementation of such terms, including through reporting requirements;"
NAGOYA_M053,Nagoya,Article 17(1)(c),Contracting Party,Duty: Shall encourage the use of cost-effective communication tools and systems.,Stakeholders,"To support compliance, each Party shall take measures, as appropriate, to monitor and to enhance transparency about the utilization of genetic resources. Such measures shall include: ... (c) Encouraging the use of cost-effective communication tools and systems."
NAGOYA_M054,Nagoya,Article 18(1),Contracting Party,"Duty: Shall encourage providers and users to include in MAT appropriate dispute resolution provisions (jurisdiction, applicable law, and/or ADR).",Resource Users; Resource-Providing Party,"In the implementation of Article 6, paragraph 3 (g) (i) and Article 7, each Party shall encourage providers and users of genetic resources and/or traditional knowledge associated with genetic resources to include provisions in mutually agreed terms to cover, where appropriate, dispute resolution including: (a) The jurisdiction to which they will subject any dispute resolution processes; (b) The applicable law; and/or (c) Options for alternative dispute resolution, such as mediation or arbitration."
NAGOYA_M055,Nagoya,Article 18(2),Contracting Party,Duty: Shall ensure an opportunity to seek recourse is available under domestic legal systems for disputes arising from MAT.,Disputing Parties,"Each Party shall ensure that an opportunity to seek recourse is available under their legal systems, consistent with applicable jurisdictional requirements, in cases of disputes arising from mutually agreed terms."
NAGOYA_M056,Nagoya,Article 18(3),Contracting Party,Duty: Shall take effective measures on access to justice and on mechanisms for mutual recognition and enforcement of foreign judgments and arbitral awards.,Disputing Parties,"Each Party shall take effective measures, as appropriate, regarding: (a) Access to justice; and (b) The utilization of mechanisms regarding mutual recognition and enforcement of foreign judgments and arbitral awards."
